post_id,title,metadata,genres,year,image,quality,url
7522,Wagah (2016) Hindi Dubbed,IMDb: 3.4|2016|122 min,Action|Crime|Dual Audio|Romance|South Special,2016,https://images-na.ssl-images-amazon.com/images/I/713H57zKVQL._RI_.jpg,HINDI,https://yomovies.date/wagah-2016-hindi-dubbed-Watch-online-full-movie/
7501,Orange (2010) Hindi Dubbed,IMDb: 6.6|2010|162 min,Comedy|Drama|Dual Audio|Romance|South Special,2010,https://m.media-amazon.com/images/M/MV5BM2ZkZGIwZDAtNGU1ZS00NTlkLThjYjYtMjU5MzQzNDQyMTBmXkEyXkFqcGdeQXVyODA2ODM3NDQ@._V1_FMjpg_UX576_.jpg,HINDI,https://yomovies.date/orange-2010-hindi-dubbed-Watch-online-full-movie/
6384,Current Theega (2014) Hindi Dubbed,IMDb: 5.5|2014|128 min,Action|Comedy|Dual Audio|Romance|South Special,2014,https://m.media-amazon.com/images/M/MV5BMTY2NTQ1NTM2M15BMl5BanBnXkFtZTgwOTY0NDQwNTE@._V1_FMjpg_UX375_.jpg,HINDI,https://yomovies.date/current-theega-2014-hindi-dubbed-Watch-online-full-movie/
4540,Angry Ganesha (Eluka Majaka) 2017 Hindi Dubbed,IMDb: 6.2|2016|132 min,Comedy|Dual Audio|South Special,2016,https://m.media-amazon.com/images/M/MV5BODFiOGYzMzgtOGE5YS00NmJjLWJmMmUtNTFlZTcwYzA5NzBkXkEyXkFqcGdeQXVyNjkwOTg4MTA@._V1_FMjpg_UX1000_.jpg,HINDI,https://yomovies.date/eluka-majaka-2017-hindi-dubbed-Watch-online-full-movie/
4464,Patel On Sale (Subramanyam For Sale) Hindi Dubbed,IMDb: 6.0|2015|150 min,Action|Comedy|Dual Audio|Family|Romance|South Special,2015,https://image.tmdb.org/t/p/w185/rYlpx9JjQw5TX0onVU31Seur9KX.jpg,HINDI,https://yomovies.date/patel-on-sale-subramanyam-for-sale-hindi-dubbed-Watch-online-full-movie/
4368,Jungbaaz (Naan Mahaan Alla) Hindi Dubbed,IMDb: 7.1|2010|132 min,Action|Crime|Drama|Dual Audio|South Special|Thriller,2010,https://m.media-amazon.com/images/M/MV5BMGM5ZDUxYmQtYTEwYS00Njk5LTk2MjUtY2Y1MWZlNjM3ZDU4XkEyXkFqcGdeQXVyNDY5MTUyNjU@._V1_FMjpg_UX373_.jpg,HINDI,https://yomovies.date/jungbaaz-naan-mahaan-alla-hindi-dubbed-Watch-online-full-movie/
4365,Sher (2015) Hindi Dubbed,IMDb: 4.9|2015|109 min,Action|Drama|Dual Audio|South Special,2015,https://m.media-amazon.com/images/M/MV5BMjA2YjI2M2UtMGQ2OC00YjI4LWFmOTgtMWZkYjMwNmQ3MWQzXkEyXkFqcGdeQXVyNDY5MTUyNjU@._V1_FMjpg_UX1000_.jpg,HINDI,https://yomovies.date/sher-2015-hindi-dubbed-Watch-online-full-movie/
4290,Geethanjali (2013) Hindi Dubbed,IMDb: 3.8|2013|150 min,Action|Dual Audio|Horror|Mystery|South Special|Thriller,2013,https://m.media-amazon.com/images/M/MV5BZWM4ODQ2MjEtYTVlZS00NzZmLWFlY2UtYTE5NTM2NjNkYzQxXkEyXkFqcGdeQXVyMjkxNzQ1NDI@._V1_FMjpg_UX550_.jpg,HINDI,https://yomovies.date/geethanjali-2013-hindi-dubbed-Watch-online-full-movie/
2121,Oka Laila Kosam (2014) Hindi Dubbed,IMDb: 6.1|2014|150 min,Action|Comedy|Dual Audio|Romance|South Special,2014,https://images-na.ssl-images-amazon.com/images/I/81mqoPMZaWL._RI_.jpg,HINDI,https://yomovies.date/oka-laila-kosam-2014-hindi-dubbed-Watch-online-full-movie/
959,Ekkadiki Pothavu Chinnavada (2016) Hindi Dubbed,IMDb: 7.5|2016|140 min,Comedy|Dual Audio|Fantasy|Romance|South Special|Thriller,2016,https://image.tmdb.org/t/p/w185/69rrWLMgP2o7WdDSh1F38RaXxBk.jpg,HINDI,https://yomovies.date/ekkadiki-pothavu-chinnavada-2016-hindi-dubbed-Watch-online-full-movie/
328385,Scavenger (2019) Hindi Dubbed,IMDb: 5.5|2019|73 min,Dual Audio|Erotic Movies|Science Fiction,2019,https://m.media-amazon.com/images/M/MV5BZTBhZGM3ZjMtYTRjYy00YWZiLWEwMDktNjgzNTZlNGRhYTBiXkEyXkFqcGdeQXVyMTIwOTIxMTg3._V1_FMjpg_UY711_.jpg,HINDI,https://yomovies.date/scavenger-2019-hindi-dubbed-Watch-online-full-movie/
302028,Jump In! (2007) Hindi Dubbed,IMDb: 5.4|2007|85 min,Comedy|Drama|Dual Audio|Romance,2007,https://m.media-amazon.com/images/M/MV5BZTIyMjNiMmQtYzk5Zi00MzZlLWFjZTItM2ZhNDUyZGRiZmQ5XkEyXkFqcGdeQXVyMTI0Mzk3NzEw._V1_.jpg,HINDI,https://yomovies.date/jump-in-2007-hindi-dubbed-Watch-online-full-movie/
71670,Merlin and the War of the Dragons (2008) Hindi Dubbed,IMDb: 3.6|2008|92 min,Action|Adventure|Dual Audio|Fantasy,2008,https://m.media-amazon.com/images/M/MV5BMjAwMDc2NzI4M15BMl5BanBnXkFtZTcwODg3MTEwMg@@._V1_FMjpg_UX464_.jpg,HINDI,https://yomovies.date/merlin-and-the-war-of-the-dragons-2008-hindi-dubbed-Watch-online-full-movie/
40582,Hush (2016) Hindi Dubbed,IMDb: 6.6|2016|82 min,Drama|Dual Audio|Horror|Thriller,2016,https://monsterzeronj.files.wordpress.com/2016/04/hush.jpg,HINDI,https://yomovies.date/hush-2016-hindi-dubbed-Watch-online-full-movie/
65657,Old School (2003) Hindi Dubbed,IMDb: 7.1|2003|88 min,Comedy|Dual Audio,2003,https://m.media-amazon.com/images/M/MV5BM2JlMjQ1MjItNmJjMS00Nzg1LTk4ZDItNDgyNjg2OTliMWM5XkEyXkFqcGdeQXVyNTE1NjY5Mg@@._V1_FMjpg_UX580_.jpg,HINDI,https://yomovies.date/old-school-2003-hindi-dubbed-Watch-online-full-movie/
64331,Poseidon (2006) Hindi Dubbed,IMDb: 5.7|2006|98 min,Action|Adventure|Dual Audio|Thriller,2006,https://m.media-amazon.com/images/M/MV5BZmE5OTBjNzUtMmRkYi00MzdhLWI5ZmEtYzE2NmQwMDBlYjUwXkEyXkFqcGdeQXVyMTAyOTE2ODg0._V1_QL50_.jpg,HINDI,https://yomovies.date/poseidon-2006-hindi-dubbed-Watch-online-full-movie/
100927,The Ghost Who Walks (2019) Hindi Dubbed,IMDb: 5.4|2019|106 min,Crime|Drama|Dual Audio,2019,https://m.media-amazon.com/images/M/MV5BNzEwMjI0MWQtYmZmOS00MTk2LWJjMGItMDlkZDY4NWE3MmRmXkEyXkFqcGdeQXVyNjk3OTYxMzU@._V1_.jpg,HINDI,https://yomovies.date/the-ghost-who-walks-2019-in-hindi-Watch-online-full-movie/
262325,Holler (2020) Hindi Dubbed,IMDb: 6.2|2020|90 min,Drama|Dual Audio,2020,https://m.media-amazon.com/images/M/MV5BNmU0ZTA3OTktMmI3MC00OWM1LWJmMzgtZDIyN2ZmNDk2YjYwXkEyXkFqcGdeQXVyMDM2NDM2MQ@@._V1_FMjpg_UY720_.jpg,HINDI,https://yomovies.date/holler-2020-hindi-dubbed-Watch-online-full-movie/
